Workbook

Sheet Letter Encoding
A1: Char | B1: Dec Enc | C1: Hex | D1: Mem addr
A2: A | B2: 0 | C2: =B2 -> 0 | D2: 1
A3: B | B3: 1 | C3: =B3 -> 1 | D3: =D2+40 -> 41
A4: C | B4: 2 | C4: =B4 -> 2 | D4: =D3+40 -> 81
A5: D | B5: 3 | C5: =B5 -> 3 | D5: =D4+40 -> 121
A6: E | B6: 4 | C6: =B6 -> 4 | D6: =D5+40 -> 161
A7: F | B7: 5 | C7: =B7 -> 5 | D7: =D6+40 -> 201
A8: G | B8: 6 | C8: =B8 -> 6 | D8: =D7+40 -> 241
A9: H | B9: 7 | C9: =B9 -> 7 | D9: =D8+40 -> 281
A10: I | B10: 8 | C10: =B10 -> 8 | D10: =D9+40 -> 321
A11: J | B11: 9 | C11: =B11 -> 9 | D11: =D10+40 -> 361
A12: K | B12: 10 | C12: =B12 -> 10 | D12: =D11+40 -> 401
A13: L | B13: 11 | C13: =B13 -> 11 | D13: =D12+40 -> 441
A14: M | B14: 12 | C14: =B14 -> 12 | D14: =D13+40 -> 481
... A58: ) | B58: 56 | C58: =B58 -> 56 | D58: =D57+40 -> 2241
A59: 1 | B59: 57 | C59: =B59 -> 57 | D59: =D58+40 -> 2281
A60: 2 | B60: 58 | C60: =B60 -> 58 | D60: =D59+40 -> 2321
A61: 3 | B61: 59 | C61: =B61 -> 59 | D61: =D60+40 -> 2361
A62: 4 | B62: 60 | C62: =B62 -> 60 | D62: =D61+40 -> 2401

Sheet Sheet2
A1: E | B1: a | C1: c | D1: h | E1: (space) | F1: w | G1: h | H1: i | I1: t | J1: e | K1: (space) | L1: p | M1: i | N1: x | O1: e | P1: l | Q1: ( | R1: 1 | S1: ) | T1: (space) | U1: i | V1: s | W1: (space) | X1: a | Y1: (space) | Z1: n | AA1: o | AB1: d | AC1: e | AH1: =COUNTA(A1:AG1) -> 29 | AI1: {=VLOOKUP(TRUE, CHOOSE({1,2}, EXACT(A1, 'Letter Encoding'!$A:$A), 'Letter Encoding'!$C:$C), 2, FALSE)} -> 4 | AJ1: {=VLOOKUP(TRUE, CHOOSE({1,2}, EXACT(B1, 'Letter Encoding'!$A:$A), 'Letter Encoding'!$C:$C), 2, FALSE)} -> 26 | AK1: {=VLOOKUP(TRUE, CHOOSE({1,2}, EXACT(C1, 'Letter Encoding'!$A:$A), 'Letter Encoding'!$C:$C), 2, FALSE)} -> 28 | AL1: {=VLOOKUP(TRUE, CHOOSE({1,2}, EXACT(D1, 'Letter Encoding'!$A:$A), 'Letter Encoding'!$C:$C), 2, FALSE)} -> 33 | AM1: {=VLOOKUP(TRUE, CHOOSE({1,2}, EXACT(E1, 'Letter Encoding'!$A:$A), 'Letter Encoding'!$C:$C), 2, FALSE)} -> 52 | AN1: {=VLOOKUP(TRUE, CHOOSE({1,2}, EXACT(F1, 'Letter Encoding'!$A:$A), 'Letter Encoding'!$C:$C), 2, FALSE)} -> 48 | AO1: {=VLOOKUP(TRUE, CHOOSE({1,2}, EXACT(G1, 'Letter Encoding'!$A:$A), 'Letter Encoding'!$C:$C), 2, FALSE)} -> 33 | AP1: {=VLOOKUP(TRUE, CHOOSE({1,2}, EXACT(H1, 'Letter Encoding'!$A:$A), 'Letter Encoding'!$C:$C), 2, FALSE)} -> 34 | ... BK1: {=VLOOKUP(TRUE, CHOOSE({1,2}, EXACT(AC1, 'Letter Encoding'!$A:$A), 'Letter Encoding'!$C:$C), 2, FALSE)} -> 30 | BP1: =COUNTA(AI1:BN1) -> 29 | BQ1: Neighbor | BR1: 1 | BS1: 1 | BT1: =_xlfn.TEXTJOIN(", ",TRUE,AI1:BO1) -> 4, 26, 28, 33, 52, 48, 33, 34, 45, 30, 52, 41, 34, 49, 30, 37, 55, 57, 56, 52, 34, 44, 52, 26, 52, 39, 40, 29, 30
A2: i | B2: n | C2: (space) | D2: a | E2: (space) | F2: g | G2: r | H2: i | I2: d | J2: , | K2: (space) | L2: n | M2: e | N2: i | O2: g | P2: h | Q2: b | R2: o | S2: u | T2: r | U2: s | V2: (space) | W2: f | X2: o | Y2: r | Z2: m | AH2: =COUNTA(A2:AG2) -> 26 | AI2: {=VLOOKUP(TRUE, CHOOSE({1,2}, EXACT(A2, 'Letter Encoding'!$A:$A), 'Letter Encoding'!$C:$C), 2, FALSE)} -> 34 | AJ2: {=VLOOKUP(TRUE, CHOOSE({1,2}, EXACT(B2, 'Letter Encoding'!$A:$A), 'Letter Encoding'!$C:$C), 2, FALSE)} -> 39 | AK2: {=VLOOKUP(TRUE, CHOOSE({1,2}, EXACT(C2, 'Letter Encoding'!$A:$A), 'Letter Encoding'!$C:$C), 2, FALSE)} -> 52 | AL2: {=VLOOKUP(TRUE, CHOOSE({1,2}, EXACT(D2, 'Letter Encoding'!$A:$A), 'Letter Encoding'!$C:$C), 2, FALSE)} -> 26 | AM2: {=VLOOKUP(TRUE, CHOOSE({1,2}, EXACT(E2, 'Letter Encoding'!$A:$A), 'Letter Encoding'!$C:$C), 2, FALSE)} -> 52 | AN2: {=VLOOKUP(TRUE, CHOOSE({1,2}, EXACT(F2, 'Letter Encoding'!$A:$A), 'Letter Encoding'!$C:$C), 2, FALSE)} -> 32 | AO2: {=VLOOKUP(TRUE, CHOOSE({1,2}, EXACT(G2, 'Letter Encoding'!$A:$A), 'Letter Encoding'!$C:$C), 2, FALSE)} -> 43 | AP2: {=VLOOKUP(TRUE, CHOOSE({1,2}, EXACT(H2, 'Letter Encoding'!$A:$A), 'Letter Encoding'!$C:$C), 2, FALSE)} -> 34 | ... BH2: {=VLOOKUP(TRUE, CHOOSE({1,2}, EXACT(Z2, 'Letter Encoding'!$A:$A), 'Letter Encoding'!$C:$C), 2, FALSE)} -> 38 | BP2: =COUNTA(AI2:BN2) -> 26 | BS2: 2 | BT2: =_xlfn.TEXTJOIN(", ",TRUE,AI2:BO2) -> 34, 39, 52, 26, 52, 32, 43, 34, 29, 53, 52, 39, 30, 34, 32, 33, 27, 40, 46, 43, 44, 52, 31, 40, 43, 38
A3: e | B3: d | C3: g | D3: e | E3: s | F3: . | AH3: =COUNTA(A3:AG3) -> 6 | AI3: {=VLOOKUP(TRUE, CHOOSE({1,2}, EXACT(A3, 'Letter Encoding'!$A:$A), 'Letter Encoding'!$C:$C), 2, FALSE)} -> 30 | AJ3: {=VLOOKUP(TRUE, CHOOSE({1,2}, EXACT(B3, 'Letter Encoding'!$A:$A), 'Letter Encoding'!$C:$C), 2, FALSE)} -> 29 | AK3: {=VLOOKUP(TRUE, CHOOSE({1,2}, EXACT(C3, 'Letter Encoding'!$A:$A), 'Letter Encoding'!$C:$C), 2, FALSE)} -> 32 | AL3: {=VLOOKUP(TRUE, CHOOSE({1,2}, EXACT(D3, 'Letter Encoding'!$A:$A), 'Letter Encoding'!$C:$C), 2, FALSE)} -> 30 | AM3: {=VLOOKUP(TRUE, CHOOSE({1,2}, EXACT(E3, 'Letter Encoding'!$A:$A), 'Letter Encoding'!$C:$C), 2, FALSE)} -> 44 | AN3: {=VLOOKUP(TRUE, CHOOSE({1,2}, EXACT(F3, 'Letter Encoding'!$A:$A), 'Letter Encoding'!$C:$C), 2, FALSE)} -> 54 | BP3: =COUNTA(AI3:BN3) -> 6 | BS3: 3 | BT3: =_xlfn.TEXTJOIN(", ",TRUE,AI3:BO3) -> 30, 29, 32, 30, 44, 54
A4: F | B4: o | C4: r | D4: (space) | E4: L | F4: e | G4: f | H4: t | I4: , | J4: (space) | K4: U | L4: p | M4: p | N4: e | O4: r | P4: (space) | Q4: L | R4: e | S4: f | T4: t | U4: , | V4: (space) | W4: U | X4: p | Y4: p | Z4: e | AA4: r | AB4: (space) | AC4: a | AD4: n | AE4: d | AH4: =COUNTA(A4:AG4) -> 31 | AI4: {=VLOOKUP(TRUE, CHOOSE({1,2}, EXACT(A4, 'Letter Encoding'!$A:$A), 'Letter Encoding'!$C:$C), 2, FALSE)} -> 5 | AJ4: {=VLOOKUP(TRUE, CHOOSE({1,2}, EXACT(B4, 'Letter Encoding'!$A:$A), 'Letter Encoding'!$C:$C), 2, FALSE)} -> 40 | AK4: {=VLOOKUP(TRUE, CHOOSE({1,2}, EXACT(C4, 'Letter Encoding'!$A:$A), 'Letter Encoding'!$C:$C), 2, FALSE)} -> 43 | AL4: {=VLOOKUP(TRUE, CHOOSE({1,2}, EXACT(D4, 'Letter Encoding'!$A:$A), 'Letter Encoding'!$C:$C), 2, FALSE)} -> 52 | AM4: {=VLOOKUP(TRUE, CHOOSE({1,2}, EXACT(E4, 'Letter Encoding'!$A:$A), 'Letter Encoding'!$C:$C), 2, FALSE)} -> 11 | AN4: {=VLOOKUP(TRUE, CHOOSE({1,2}, EXACT(F4, 'Letter Encoding'!$A:$A), 'Letter Encoding'!$C:$C), 2, FALSE)} -> 30 | AO4: {=VLOOKUP(TRUE, CHOOSE({1,2}, EXACT(G4, 'Letter Encoding'!$A:$A), 'Letter Encoding'!$C:$C), 2, FALSE)} -> 31 | AP4: {=VLOOKUP(TRUE, CHOOSE({1,2}, EXACT(H4, 'Letter Encoding'!$A:$A), 'Letter Encoding'!$C:$C), 2, FALSE)} -> 45 | ... BM4: {=VLOOKUP(TRUE, CHOOSE({1,2}, EXACT(AE4, 'Letter Encoding'!$A:$A), 'Letter Encoding'!$C:$C), 2, FALSE)} -> 29 | BP4: =COUNTA(AI4:BN4) -> 31 | BR4: 2 | BS4: 4 | BT4: =_xlfn.TEXTJOIN(", ",TRUE,AI4:BO4) -> 5, 40, 43, 52, 11, 30, 31, 45, 53, 52, 20, 41, 41, 30, 43, 52, 11, 30, 31, 45, 53, 52, 20, 41, 41, 30, 43, 52, 26, 39, 29
A5: U | B5: p | C5: p | D5: e | E5: r | F5: (space) | G5: R | H5: i | I5: g | J5: h | K5: t | L5: (space) | M5: p | N5: i | O5: x | P5: e | Q5: l | R5: , | S5: (space) | T5: f | U5: i | V5: n | W5: d | X5: (space) | Y5: t | Z5: h | AA5: e | AB5: i | AC5: r | AH5: =COUNTA(A5:AG5) -> 29 | AI5: {=VLOOKUP(TRUE, CHOOSE({1,2}, EXACT(A5, 'Letter Encoding'!$A:$A), 'Letter Encoding'!$C:$C), 2, FALSE)} -> 20 | AJ5: {=VLOOKUP(TRUE, CHOOSE({1,2}, EXACT(B5, 'Letter Encoding'!$A:$A), 'Letter Encoding'!$C:$C), 2, FALSE)} -> 41 | AK5: {=VLOOKUP(TRUE, CHOOSE({1,2}, EXACT(C5, 'Letter Encoding'!$A:$A), 'Letter Encoding'!$C:$C), 2, FALSE)} -> 41 | AL5: {=VLOOKUP(TRUE, CHOOSE({1,2}, EXACT(D5, 'Letter Encoding'!$A:$A), 'Letter Encoding'!$C:$C), 2, FALSE)} -> 30 | AM5: {=VLOOKUP(TRUE, CHOOSE({1,2}, EXACT(E5, 'Letter Encoding'!$A:$A), 'Letter Encoding'!$C:$C), 2, FALSE)} -> 43 | AN5: {=VLOOKUP(TRUE, CHOOSE({1,2}, EXACT(F5, 'Letter Encoding'!$A:$A), 'Letter Encoding'!$C:$C), 2, FALSE)} -> 52 | AO5: {=VLOOKUP(TRUE, CHOOSE({1,2}, EXACT(G5, 'Letter Encoding'!$A:$A), 'Letter Encoding'!$C:$C), 2, FALSE)} -> 17 | AP5: {=VLOOKUP(TRUE, CHOOSE({1,2}, EXACT(H5, 'Letter Encoding'!$A:$A), 'Letter Encoding'!$C:$C), 2, FALSE)} -> 34 | ... BK5: {=VLOOKUP(TRUE, CHOOSE({1,2}, EXACT(AC5, 'Letter Encoding'!$A:$A), 'Letter Encoding'!$C:$C), 2, FALSE)} -> 43 | BP5: =COUNTA(AI5:BN5) -> 29 | BS5: 5 | BT5: =_xlfn.TEXTJOIN(", ",TRUE,AI5:BO5) -> 20, 41, 41, 30, 43, 52, 17, 34, 32, 33, 45, 52, 41, 34, 49, 30, 37, 53, 52, 31, 34, 39, 29, 52, 45, 33, 30, 34, 43
A6: r | B6: o | C6: o | D6: t | E6: (space) | F6: b | G6: y | H6: (space) | I6: w | J6: a | K6: l | L6: k | M6: i | N6: n | O6: g | P6: (space) | Q6: u | R6: p | S6: (space) | T6: t | U6: h | V6: e | W6: i | X6: r | Y6: (space) | Z6: p | AA6: a | AB6: r | AC6: e | AD6: n | AE6: t | AF6: s | AG6: . | AH6: =COUNTA(A6:AG6) -> 33 | AI6: {=VLOOKUP(TRUE, CHOOSE({1,2}, EXACT(A6, 'Letter Encoding'!$A:$A), 'Letter Encoding'!$C:$C), 2, FALSE)} -> 43 | AJ6: {=VLOOKUP(TRUE, CHOOSE({1,2}, EXACT(B6, 'Letter Encoding'!$A:$A), 'Letter Encoding'!$C:$C), 2, FALSE)} -> 40 | AK6: {=VLOOKUP(TRUE, CHOOSE({1,2}, EXACT(C6, 'Letter Encoding'!$A:$A), 'Letter Encoding'!$C:$C), 2, FALSE)} -> 40 | AL6: {=VLOOKUP(TRUE, CHOOSE({1,2}, EXACT(D6, 'Letter Encoding'!$A:$A), 'Letter Encoding'!$C:$C), 2, FALSE)} -> 45 | AM6: {=VLOOKUP(TRUE, CHOOSE({1,2}, EXACT(E6, 'Letter Encoding'!$A:$A), 'Letter Encoding'!$C:$C), 2, FALSE)} -> 52 | AN6: {=VLOOKUP(TRUE, CHOOSE({1,2}, EXACT(F6, 'Letter Encoding'!$A:$A), 'Letter Encoding'!$C:$C), 2, FALSE)} -> 27 | AO6: {=VLOOKUP(TRUE, CHOOSE({1,2}, EXACT(G6, 'Letter Encoding'!$A:$A), 'Letter Encoding'!$C:$C), 2, FALSE)} -> 50 | AP6: {=VLOOKUP(TRUE, CHOOSE({1,2}, EXACT(H6, 'Letter Encoding'!$A:$A), 'Letter Encoding'!$C:$C), 2, FALSE)} -> 52 | ... BO6: {=VLOOKUP(TRUE, CHOOSE({1,2}, EXACT(AG6, 'Letter Encoding'!$A:$A), 'Letter Encoding'!$C:$C), 2, FALSE)} -> 54 | BP6: =COUNTA(AI6:BN6) -> 32 | BS6: 6 | BT6: =_xlfn.TEXTJOIN(", ",TRUE,AI6:BO6) -> 43, 40, 40, 45, 52, 27, 50, 52, 48, 26, 37, 36, 34, 39, 32, 52, 46, 41, 52, 45, 33, 30, 34, 43, 52, 41, 26, 43, 30, 39, 45, 44, 54
AH7: =COUNTA(A7:AG7) -> 0 | BT7: =_xlfn.TEXTJOIN(", ",TRUE,AI7:BO7)
A8: A | B8: l | C8: l | D8: o | E8: c | F8: a | G8: t | H8: e | I8: (space) | J8: c | K8: u | L8: r | M8: r | N8: e | O8: n | P8: t | Q8: (space) | R8: p | S8: i | T8: x | U8: e | V8: l | W8: (space) | X8: i | Y8: f | AH8: =COUNTA(A8:AG8) -> 25 | AI8: {=VLOOKUP(TRUE, CHOOSE({1,2}, EXACT(A8, 'Letter Encoding'!$A:$A), 'Letter Encoding'!$C:$C), 2, FALSE)} -> 0 | AJ8: {=VLOOKUP(TRUE, CHOOSE({1,2}, EXACT(B8, 'Letter Encoding'!$A:$A), 'Letter Encoding'!$C:$C), 2, FALSE)} -> 37 | AK8: {=VLOOKUP(TRUE, CHOOSE({1,2}, EXACT(C8, 'Letter Encoding'!$A:$A), 'Letter Encoding'!$C:$C), 2, FALSE)} -> 37 | AL8: {=VLOOKUP(TRUE, CHOOSE({1,2}, EXACT(D8, 'Letter Encoding'!$A:$A), 'Letter Encoding'!$C:$C), 2, FALSE)} -> 40 | AM8: {=VLOOKUP(TRUE, CHOOSE({1,2}, EXACT(E8, 'Letter Encoding'!$A:$A), 'Letter Encoding'!$C:$C), 2, FALSE)} -> 28 | AN8: {=VLOOKUP(TRUE, CHOOSE({1,2}, EXACT(F8, 'Letter Encoding'!$A:$A), 'Letter Encoding'!$C:$C), 2, FALSE)} -> 26 | AO8: {=VLOOKUP(TRUE, CHOOSE({1,2}, EXACT(G8, 'Letter Encoding'!$A:$A), 'Letter Encoding'!$C:$C), 2, FALSE)} -> 45 | AP8: {=VLOOKUP(TRUE, CHOOSE({1,2}, EXACT(H8, 'Letter Encoding'!$A:$A), 'Letter Encoding'!$C:$C), 2, FALSE)} -> 30 | ... BG8: {=VLOOKUP(TRUE, CHOOSE({1,2}, EXACT(Y8, 'Letter Encoding'!$A:$A), 'Letter Encoding'!$C:$C), 2, FALSE)} -> 31 | BP8: =COUNTA(AI8:BN8) -> 25 | BQ8: Union | BR8: 1 | BS8: 1 | BT8: =_xlfn.TEXTJOIN(", ",TRUE,AI8:BO8) -> 0, 37, 37, 40, 28, 26, 45, 30, 52, 28, 46, 43, 43, 30, 39, 45, 52, 41, 34, 49, 30, 37, 52, 34, 31
A9: n | B9: e | C9: i | D9: g | E9: h | F9: b | G9: o | H9: u | I9: r | J9: s | K9: (space) | L9: h | M9: a | N9: v | O9: e | P9: (space) | Q9: n | R9: o | S9: (space) | T9: r | U9: o | V9: o | W9: t | X9: s | Y9: ( | Z9: i | AA9: t | AB9: (space) | AC9: i | AD9: s | AH9: =COUNTA(A9:AG9) -> 30 | AI9: {=VLOOKUP(TRUE, CHOOSE({1,2}, EXACT(A9, 'Letter Encoding'!$A:$A), 'Letter Encoding'!$C:$C), 2, FALSE)} -> 39 | AJ9: {=VLOOKUP(TRUE, CHOOSE({1,2}, EXACT(B9, 'Letter Encoding'!$A:$A), 'Letter Encoding'!$C:$C), 2, FALSE)} -> 30 | AK9: {=VLOOKUP(TRUE, CHOOSE({1,2}, EXACT(C9, 'Letter Encoding'!$A:$A), 'Letter Encoding'!$C:$C), 2, FALSE)} -> 34 | AL9: {=VLOOKUP(TRUE, CHOOSE({1,2}, EXACT(D9, 'Letter Encoding'!$A:$A), 'Letter Encoding'!$C:$C), 2, FALSE)} -> 32 | AM9: {=VLOOKUP(TRUE, CHOOSE({1,2}, EXACT(E9, 'Letter Encoding'!$A:$A), 'Letter Encoding'!$C:$C), 2, FALSE)} -> 33 | AN9: {=VLOOKUP(TRUE, CHOOSE({1,2}, EXACT(F9, 'Letter Encoding'!$A:$A), 'Letter Encoding'!$C:$C), 2, FALSE)} -> 27 | AO9: {=VLOOKUP(TRUE, CHOOSE({1,2}, EXACT(G9, 'Letter Encoding'!$A:$A), 'Letter Encoding'!$C:$C), 2, FALSE)} -> 40 | AP9: {=VLOOKUP(TRUE, CHOOSE({1,2}, EXACT(H9, 'Letter Encoding'!$A:$A), 'Letter Encoding'!$C:$C), 2, FALSE)} -> 46 | ... BL9: {=VLOOKUP(TRUE, CHOOSE({1,2}, EXACT(AD9, 'Letter Encoding'!$A:$A), 'Letter Encoding'!$C:$C), 2, FALSE)} -> 44 | BP9: =COUNTA(AI9:BN9) -> 30 | BS9: 2 | BT9: =_xlfn.TEXTJOIN(", ",TRUE,AI9:BO9) -> 39, 30, 34, 32, 33, 27, 40, 46, 43, 44, 52, 33, 26, 47, 30, 52, 39, 40, 52, 43, 40, 40, 45, 44, 55, 34, 45, 52, 34, 44
A10: a | B10: (space) | C10: n | D10: e | E10: w | F10: (space) | G10: c | H10: o | I10: m | J10: p | K10: o | L10: n | M10: e | N10: n | O10: t | P10: ) | Q10: . | AH10: =COUNTA(A10:AG10) -> 17 | AI10: {=VLOOKUP(TRUE, CHOOSE({1,2}, EXACT(A10, 'Letter Encoding'!$A:$A), 'Letter Encoding'!$C:$C), 2, FALSE)} -> 26 | AJ10: {=VLOOKUP(TRUE, CHOOSE({1,2}, EXACT(B10, 'Letter Encoding'!$A:$A), 'Letter Encoding'!$C:$C), 2, FALSE)} -> 52 | AK10: {=VLOOKUP(TRUE, CHOOSE({1,2}, EXACT(C10, 'Letter Encoding'!$A:$A), 'Letter Encoding'!$C:$C), 2, FALSE)} -> 39 | AL10: {=VLOOKUP(TRUE, CHOOSE({1,2}, EXACT(D10, 'Letter Encoding'!$A:$A), 'Letter Encoding'!$C:$C), 2, FALSE)} -> 30 | AM10: {=VLOOKUP(TRUE, CHOOSE({1,2}, EXACT(E10, 'Letter Encoding'!$A:$A), 'Letter Encoding'!$C:$C), 2, FALSE)} -> 48 | AN10: {=VLOOKUP(TRUE, CHOOSE({1,2}, EXACT(F10, 'Letter Encoding'!$A:$A), 'Letter Encoding'!$C:$C), 2, FALSE)} -> 52 | AO10: {=VLOOKUP(TRUE, CHOOSE({1,2}, EXACT(G10, 'Letter Encoding'!$A:$A), 'Letter Encoding'!$C:$C), 2, FALSE)} -> 28 | AP10: {=VLOOKUP(TRUE, CHOOSE({1,2}, EXACT(H10, 'Letter Encoding'!$A:$A), 'Letter Encoding'!$C:$C), 2, FALSE)} -> 40 | ... AY10: {=VLOOKUP(TRUE, CHOOSE({1,2}, EXACT(Q10, 'Letter Encoding'!$A:$A), 'Letter Encoding'!$C:$C), 2, FALSE)} -> 54 | BP10: =COUNTA(AI10:BN10) -> 17 | BS10: 3 | BT10: =_xlfn.TEXTJOIN(", ",TRUE,AI10:BO10) -> 26, 52, 39, 30, 48, 52, 28, 40, 38, 41, 40, 39, 30, 39, 45, 56, 54
A11: E | B11: l | C11: s | D11: e | E11: , | F11: (space) | G11: p | H11: i | I11: c | J11: k | K11: (space) | L11: a | M11: (space) | N11: n | O11: e | P11: i | Q11: g | R11: h | S11: b | T11: o | U11: u | V11: r | W11: i | X11: n | Y11: g | AH11: =COUNTA(A11:AG11) -> 25 | AI11: {=VLOOKUP(TRUE, CHOOSE({1,2}, EXACT(A11, 'Letter Encoding'!$A:$A), 'Letter Encoding'!$C:$C), 2, FALSE)} -> 4 | AJ11: {=VLOOKUP(TRUE, CHOOSE({1,2}, EXACT(B11, 'Letter Encoding'!$A:$A), 'Letter Encoding'!$C:$C), 2, FALSE)} -> 37 | AK11: {=VLOOKUP(TRUE, CHOOSE({1,2}, EXACT(C11, 'Letter Encoding'!$A:$A), 'Letter Encoding'!$C:$C), 2, FALSE)} -> 44 | AL11: {=VLOOKUP(TRUE, CHOOSE({1,2}, EXACT(D11, 'Letter Encoding'!$A:$A), 'Letter Encoding'!$C:$C), 2, FALSE)} -> 30 | AM11: {=VLOOKUP(TRUE, CHOOSE({1,2}, EXACT(E11, 'Letter Encoding'!$A:$A), 'Letter Encoding'!$C:$C), 2, FALSE)} -> 53 | AN11: {=VLOOKUP(TRUE, CHOOSE({1,2}, EXACT(F11, 'Letter Encoding'!$A:$A), 'Letter Encoding'!$C:$C), 2, FALSE)} -> 52 | AO11: {=VLOOKUP(TRUE, CHOOSE({1,2}, EXACT(G11, 'Letter Encoding'!$A:$A), 'Letter Encoding'!$C:$C), 2, FALSE)} -> 41 | AP11: {=VLOOKUP(TRUE, CHOOSE({1,2}, EXACT(H11, 'Letter Encoding'!$A:$A), 'Letter Encoding'!$C:$C), 2, FALSE)} -> 34 | ... BG11: {=VLOOKUP(TRUE, CHOOSE({1,2}, EXACT(Y11, 'Letter Encoding'!$A:$A), 'Letter Encoding'!$C:$C), 2, FALSE)} -> 32 | BP11: =COUNTA(AI11:BN11) -> 25 | BR11: 2 | BS11: 4 | BT11: =_xlfn.TEXTJOIN(", ",TRUE,AI11:BO11) -> 4, 37, 44, 30, 53, 52, 41, 34, 28, 36, 52, 26, 52, 39, 30, 34, 32, 33, 27, 40, 46, 43, 34, 39, 32
A12: c | B12: o | C12: m | D12: p | E12: o | F12: n | G12: e | H12: n | I12: t | J12: (space) | K12: a | L12: n | M12: d | N12: (space) | O12: u | P12: n | Q12: i | R12: o | S12: n | T12: (space) | U12: i | V12: n | W12: t | X12: o | AH12: =COUNTA(A12:AG12) -> 24 | AI12: {=VLOOKUP(TRUE, CHOOSE({1,2}, EXACT(A12, 'Letter Encoding'!$A:$A), 'Letter Encoding'!$C:$C), 2, FALSE)} -> 28 | AJ12: {=VLOOKUP(TRUE, CHOOSE({1,2}, EXACT(B12, 'Letter Encoding'!$A:$A), 'Letter Encoding'!$C:$C), 2, FALSE)} -> 40 | AK12: {=VLOOKUP(TRUE, CHOOSE({1,2}, EXACT(C12, 'Letter Encoding'!$A:$A), 'Letter Encoding'!$C:$C), 2, FALSE)} -> 38 | AL12: {=VLOOKUP(TRUE, CHOOSE({1,2}, EXACT(D12, 'Letter Encoding'!$A:$A), 'Letter Encoding'!$C:$C), 2, FALSE)} -> 41 | AM12: {=VLOOKUP(TRUE, CHOOSE({1,2}, EXACT(E12, 'Letter Encoding'!$A:$A), 'Letter Encoding'!$C:$C), 2, FALSE)} -> 40 | AN12: {=VLOOKUP(TRUE, CHOOSE({1,2}, EXACT(F12, 'Letter Encoding'!$A:$A), 'Letter Encoding'!$C:$C), 2, FALSE)} -> 39 | AO12: {=VLOOKUP(TRUE, CHOOSE({1,2}, EXACT(G12, 'Letter Encoding'!$A:$A), 'Letter Encoding'!$C:$C), 2, FALSE)} -> 30 | AP12: {=VLOOKUP(TRUE, CHOOSE({1,2}, EXACT(H12, 'Letter Encoding'!$A:$A), 'Letter Encoding'!$C:$C), 2, FALSE)} -> 39 | ... BF12: {=VLOOKUP(TRUE, CHOOSE({1,2}, EXACT(X12, 'Letter Encoding'!$A:$A), 'Letter Encoding'!$C:$C), 2, FALSE)} -> 40 | BP12: =COUNTA(AI12:BN12) -> 24 | BS12: 5 | BT12: =_xlfn.TEXTJOIN(", ",TRUE,AI12:BO12) -> 28, 40, 38, 41, 40, 39, 30, 39, 45, 52, 26, 39, 29, 52, 46, 39, 34, 40, 39, 52, 34, 39, 45, 40
A13: o | B13: n | C13: e | D13: (space) | E13: c | F13: o | G13: m | H13: p | I13: o | J13: n | K13: e | L13: n | M13: t | N13: . | AH13: =COUNTA(A13:AG13) -> 14 | AI13: {=VLOOKUP(TRUE, CHOOSE({1,2}, EXACT(A13, 'Letter Encoding'!$A:$A), 'Letter Encoding'!$C:$C), 2, FALSE)} -> 40 | AJ13: {=VLOOKUP(TRUE, CHOOSE({1,2}, EXACT(B13, 'Letter Encoding'!$A:$A), 'Letter Encoding'!$C:$C), 2, FALSE)} -> 39 | AK13: {=VLOOKUP(TRUE, CHOOSE({1,2}, EXACT(C13, 'Letter Encoding'!$A:$A), 'Letter Encoding'!$C:$C), 2, FALSE)} -> 30 | AL13: {=VLOOKUP(TRUE, CHOOSE({1,2}, EXACT(D13, 'Letter Encoding'!$A:$A), 'Letter Encoding'!$C:$C), 2, FALSE)} -> 52 | AM13: {=VLOOKUP(TRUE, CHOOSE({1,2}, EXACT(E13, 'Letter Encoding'!$A:$A), 'Letter Encoding'!$C:$C), 2, FALSE)} -> 28 | AN13: {=VLOOKUP(TRUE, CHOOSE({1,2}, EXACT(F13, 'Letter Encoding'!$A:$A), 'Letter Encoding'!$C:$C), 2, FALSE)} -> 40 | AO13: {=VLOOKUP(TRUE, CHOOSE({1,2}, EXACT(G13, 'Letter Encoding'!$A:$A), 'Letter Encoding'!$C:$C), 2, FALSE)} -> 38 | AP13: {=VLOOKUP(TRUE, CHOOSE({1,2}, EXACT(H13, 'Letter Encoding'!$A:$A), 'Letter Encoding'!$C:$C), 2, FALSE)} -> 41 | ... AV13: {=VLOOKUP(TRUE, CHOOSE({1,2}, EXACT(N13, 'Letter Encoding'!$A:$A), 'Letter Encoding'!$C:$C), 2, FALSE)} -> 54 | BP13: =COUNTA(AI13:BN13) -> 14 | BS13: 6 | BT13: =_xlfn.TEXTJOIN(", ",TRUE,AI13:BO13) -> 40, 39, 30, 52, 28, 40, 38, 41, 40, 39, 30, 39, 45, 54
AH14: =COUNTA(A14:AG14) -> 0 | BT14: =_xlfn.TEXTJOIN(", ",TRUE,AI14:BO14)
A15: A | B15: s | C15: (space) | D15: f | E15: r | F15: a | G15: m | H15: e | I15: (space) | J15: b | K15: u | L15: i | M15: l | N15: d | O15: s | P15: , | Q15: (space) | R15: u | S15: n | T15: i | U15: o | V15: n | AH15: =COUNTA(A15:AG15) -> 22 | AI15: {=VLOOKUP(TRUE, CHOOSE({1,2}, EXACT(A15, 'Letter Encoding'!$A:$A), 'Letter Encoding'!$C:$C), 2, FALSE)} -> 0 | AJ15: {=VLOOKUP(TRUE, CHOOSE({1,2}, EXACT(B15, 'Letter Encoding'!$A:$A), 'Letter Encoding'!$C:$C), 2, FALSE)} -> 44 | AK15: {=VLOOKUP(TRUE, CHOOSE({1,2}, EXACT(C15, 'Letter Encoding'!$A:$A), 'Letter Encoding'!$C:$C), 2, FALSE)} -> 52 | AL15: {=VLOOKUP(TRUE, CHOOSE({1,2}, EXACT(D15, 'Letter Encoding'!$A:$A), 'Letter Encoding'!$C:$C), 2, FALSE)} -> 31 | AM15: {=VLOOKUP(TRUE, CHOOSE({1,2}, EXACT(E15, 'Letter Encoding'!$A:$A), 'Letter Encoding'!$C:$C), 2, FALSE)} -> 43 | AN15: {=VLOOKUP(TRUE, CHOOSE({1,2}, EXACT(F15, 'Letter Encoding'!$A:$A), 'Letter Encoding'!$C:$C), 2, FALSE)} -> 26 | AO15: {=VLOOKUP(TRUE, CHOOSE({1,2}, EXACT(G15, 'Letter Encoding'!$A:$A), 'Letter Encoding'!$C:$C), 2, FALSE)} -> 38 | AP15: {=VLOOKUP(TRUE, CHOOSE({1,2}, EXACT(H15, 'Letter Encoding'!$A:$A), 'Letter Encoding'!$C:$C), 2, FALSE)} -> 30 | ... BD15: {=VLOOKUP(TRUE, CHOOSE({1,2}, EXACT(V15, 'Letter Encoding'!$A:$A), 'Letter Encoding'!$C:$C), 2, FALSE)} -> 39 | BP15: =COUNTA(AI15:BN15) -> 22 | BQ15: Stats | BR15: 1 | BS15: 1 | BT15: =_xlfn.TEXTJOIN(", ",TRUE,AI15:BO15) -> 0, 44, 52, 31, 43, 26, 38, 30, 52, 27, 46, 34, 37, 29, 44, 53, 52, 46, 39, 34, 40, 39
A16: n | B16: e | C16: i | D16: g | E16: h | F16: b | G16: o | H16: u | I16: r | J16: s | K16: (space) | L16: a | M16: n | N16: d | O16: (space) | P16: g | Q16: r | R16: o | S16: w | AH16: =COUNTA(A16:AG16) -> 19 | AI16: {=VLOOKUP(TRUE, CHOOSE({1,2}, EXACT(A16, 'Letter Encoding'!$A:$A), 'Letter Encoding'!$C:$C), 2, FALSE)} -> 39 | AJ16: {=VLOOKUP(TRUE, CHOOSE({1,2}, EXACT(B16, 'Letter Encoding'!$A:$A), 'Letter Encoding'!$C:$C), 2, FALSE)} -> 30 | AK16: {=VLOOKUP(TRUE, CHOOSE({1,2}, EXACT(C16, 'Letter Encoding'!$A:$A), 'Letter Encoding'!$C:$C), 2, FALSE)} -> 34 | AL16: {=VLOOKUP(TRUE, CHOOSE({1,2}, EXACT(D16, 'Letter Encoding'!$A:$A), 'Letter Encoding'!$C:$C), 2, FALSE)} -> 32 | AM16: {=VLOOKUP(TRUE, CHOOSE({1,2}, EXACT(E16, 'Letter Encoding'!$A:$A), 'Letter Encoding'!$C:$C), 2, FALSE)} -> 33 | AN16: {=VLOOKUP(TRUE, CHOOSE({1,2}, EXACT(F16, 'Letter Encoding'!$A:$A), 'Letter Encoding'!$C:$C), 2, FALSE)} -> 27 | AO16: {=VLOOKUP(TRUE, CHOOSE({1,2}, EXACT(G16, 'Letter Encoding'!$A:$A), 'Letter Encoding'!$C:$C), 2, FALSE)} -> 40 | AP16: {=VLOOKUP(TRUE, CHOOSE({1,2}, EXACT(H16, 'Letter Encoding'!$A:$A), 'Letter Encoding'!$C:$C), 2, FALSE)} -> 46 | ... BA16: {=VLOOKUP(TRUE, CHOOSE({1,2}, EXACT(S16, 'Letter Encoding'!$A:$A), 'Letter Encoding'!$C:$C), 2, FALSE)} -> 48 | BP16: =COUNTA(AI16:BN16) -> 19 | BS16: 2 | BT16: =_xlfn.TEXTJOIN(", ",TRUE,AI16:BO16) -> 39, 30, 34, 32, 33, 27, 40, 46, 43, 44, 52, 26, 39, 29, 52, 32, 43, 40, 48
A17: c | B17: o | C17: m | D17: p | E17: o | F17: n | G17: e | H17: n | I17: t | J17: s | K17: . | AH17: =COUNTA(A17:AG17) -> 11 | AI17: {=VLOOKUP(TRUE, CHOOSE({1,2}, EXACT(A17, 'Letter Encoding'!$A:$A), 'Letter Encoding'!$C:$C), 2, FALSE)} -> 28 | AJ17: {=VLOOKUP(TRUE, CHOOSE({1,2}, EXACT(B17, 'Letter Encoding'!$A:$A), 'Letter Encoding'!$C:$C), 2, FALSE)} -> 40 | AK17: {=VLOOKUP(TRUE, CHOOSE({1,2}, EXACT(C17, 'Letter Encoding'!$A:$A), 'Letter Encoding'!$C:$C), 2, FALSE)} -> 38 | AL17: {=VLOOKUP(TRUE, CHOOSE({1,2}, EXACT(D17, 'Letter Encoding'!$A:$A), 'Letter Encoding'!$C:$C), 2, FALSE)} -> 41 | AM17: {=VLOOKUP(TRUE, CHOOSE({1,2}, EXACT(E17, 'Letter Encoding'!$A:$A), 'Letter Encoding'!$C:$C), 2, FALSE)} -> 40 | AN17: {=VLOOKUP(TRUE, CHOOSE({1,2}, EXACT(F17, 'Letter Encoding'!$A:$A), 'Letter Encoding'!$C:$C), 2, FALSE)} -> 39 | AO17: {=VLOOKUP(TRUE, CHOOSE({1,2}, EXACT(G17, 'Letter Encoding'!$A:$A), 'Letter Encoding'!$C:$C), 2, FALSE)} -> 30 | AP17: {=VLOOKUP(TRUE, CHOOSE({1,2}, EXACT(H17, 'Letter Encoding'!$A:$A), 'Letter Encoding'!$C:$C), 2, FALSE)} -> 39 | ... AS17: {=VLOOKUP(TRUE, CHOOSE({1,2}, EXACT(K17, 'Letter Encoding'!$A:$A), 'Letter Encoding'!$C:$C), 2, FALSE)} -> 54 | BP17: =COUNTA(AI17:BN17) -> 11 | BS17: 3 | BT17: =_xlfn.TEXTJOIN(", ",TRUE,AI17:BO17) -> 28, 40, 38, 41, 40, 39, 30, 39, 45, 44, 54
A18: E | B18: a | C18: c | D18: h | E18: (space) | F18: c | G18: o | H18: m | I18: p | J18: o | K18: n | L18: e | M18: n | N18: t | O18: (space) | P18: s | Q18: t | R18: o | S18: r | T18: e | U18: s | V18: (space) | W18: a | X18: (space) | Y18: r | Z18: u | AA18: n | AB18: n | AC18: i | AD18: n | AE18: g | AH18: =COUNTA(A18:AG18) -> 31 | AI18: {=VLOOKUP(TRUE, CHOOSE({1,2}, EXACT(A18, 'Letter Encoding'!$A:$A), 'Letter Encoding'!$C:$C), 2, FALSE)} -> 4 | AJ18: {=VLOOKUP(TRUE, CHOOSE({1,2}, EXACT(B18, 'Letter Encoding'!$A:$A), 'Letter Encoding'!$C:$C), 2, FALSE)} -> 26 | AK18: {=VLOOKUP(TRUE, CHOOSE({1,2}, EXACT(C18, 'Letter Encoding'!$A:$A), 'Letter Encoding'!$C:$C), 2, FALSE)} -> 28 | AL18: {=VLOOKUP(TRUE, CHOOSE({1,2}, EXACT(D18, 'Letter Encoding'!$A:$A), 'Letter Encoding'!$C:$C), 2, FALSE)} -> 33 | AM18: {=VLOOKUP(TRUE, CHOOSE({1,2}, EXACT(E18, 'Letter Encoding'!$A:$A), 'Letter Encoding'!$C:$C), 2, FALSE)} -> 52 | AN18: {=VLOOKUP(TRUE, CHOOSE({1,2}, EXACT(F18, 'Letter Encoding'!$A:$A), 'Letter Encoding'!$C:$C), 2, FALSE)} -> 28 | AO18: {=VLOOKUP(TRUE, CHOOSE({1,2}, EXACT(G18, 'Letter Encoding'!$A:$A), 'Letter Encoding'!$C:$C), 2, FALSE)} -> 40 | AP18: {=VLOOKUP(TRUE, CHOOSE({1,2}, EXACT(H18, 'Letter Encoding'!$A:$A), 'Letter Encoding'!$C:$C), 2, FALSE)} -> 38 | ... BG18: {=VLOOKUP(TRUE, CHOOSE({1,2}, EXACT(Y18, 'Letter Encoding'!$A:$A), 'Letter Encoding'!$C:$C), 2, FALSE)} -> 43 | BH18: {=VLOOKUP(TRUE, CHOOSE({1,2}, EXACT(Z18,#REF!),#REF!), 2, FALSE)} -> #N/A | BI18: {=VLOOKUP(TRUE, CHOOSE({1,2}, EXACT(AA18,#REF!),#REF!), 2, FALSE)} -> #N/A | BJ18: {=VLOOKUP(TRUE, CHOOSE({1,2}, EXACT(AB18,#REF!),#REF!), 2, FALSE)} -> #N/A | BK18: {=VLOOKUP(TRUE, CHOOSE({1,2}, EXACT(AC18,#REF!),#REF!), 2, FALSE)} -> #N/A | BL18: {=VLOOKUP(TRUE, CHOOSE({1,2}, EXACT(AD18,#REF!),#REF!), 2, FALSE)} -> #N/A | BM18: {=VLOOKUP(TRUE, CHOOSE({1,2}, EXACT(AE18,#REF!),#REF!), 2, FALSE)} -> #N/A | BP18: =COUNTA(AI18:BN18) -> 31 | BR18: 2 | BS18: 4 | BT18: =_xlfn.TEXTJOIN(", ",TRUE,AI18:BO18) -> #N/A
A19: a | B19: r | C19: e | D19: a | E19: (space) | F19: c | G19: o | H19: u | I19: n | J19: t | K19: (space) | L19: a | M19: n | N19: d | O19: (space) | P19: m | Q19: i | R19: n | S19: , | T19: (space) | U19: m | V19: a | W19: x | X19: (space) | Y19: x | Z19: , | AA19: (space) | AB19: y | AH19: =COUNTA(A19:AG19) -> 28 | AI19: {=VLOOKUP(TRUE, CHOOSE({1,2}, EXACT(A19, 'Letter Encoding'!$A:$A), 'Letter Encoding'!$C:$C), 2, FALSE)} -> 26 | AJ19: {=VLOOKUP(TRUE, CHOOSE({1,2}, EXACT(B19, 'Letter Encoding'!$A:$A), 'Letter Encoding'!$C:$C), 2, FALSE)} -> 43 | AK19: {=VLOOKUP(TRUE, CHOOSE({1,2}, EXACT(C19, 'Letter Encoding'!$A:$A), 'Letter Encoding'!$C:$C), 2, FALSE)} -> 30 | AL19: {=VLOOKUP(TRUE, CHOOSE({1,2}, EXACT(D19, 'Letter Encoding'!$A:$A), 'Letter Encoding'!$C:$C), 2, FALSE)} -> 26 | AM19: {=VLOOKUP(TRUE, CHOOSE({1,2}, EXACT(E19, 'Letter Encoding'!$A:$A), 'Letter Encoding'!$C:$C), 2, FALSE)} -> 52 | AN19: {=VLOOKUP(TRUE, CHOOSE({1,2}, EXACT(F19, 'Letter Encoding'!$A:$A), 'Letter Encoding'!$C:$C), 2, FALSE)} -> 28 | AO19: {=VLOOKUP(TRUE, CHOOSE({1,2}, EXACT(G19, 'Letter Encoding'!$A:$A), 'Letter Encoding'!$C:$C), 2, FALSE)} -> 40 | AP19: {=VLOOKUP(TRUE, CHOOSE({1,2}, EXACT(H19, 'Letter Encoding'!$A:$A), 'Letter Encoding'!$C:$C), 2, FALSE)} -> 46 | ... BG19: {=VLOOKUP(TRUE, CHOOSE({1,2}, EXACT(Y19, 'Letter Encoding'!$A:$A), 'Letter Encoding'!$C:$C), 2, FALSE)} -> 49 | BH19: {=VLOOKUP(TRUE, CHOOSE({1,2}, EXACT(Z19,#REF!),#REF!), 2, FALSE)} -> #N/A | BI19: {=VLOOKUP(TRUE, CHOOSE({1,2}, EXACT(AA19,#REF!),#REF!), 2, FALSE)} -> #N/A | BJ19: {=VLOOKUP(TRUE, CHOOSE({1,2}, EXACT(AB19,#REF!),#REF!), 2, FALSE)} -> #N/A | BP19: =COUNTA(AI19:BN19) -> 28 | BS19: 5 | BT19: =_xlfn.TEXTJOIN(", ",TRUE,AI19:BO19) -> #N/A
A20: f | B20: o | C20: r | D20: (space) | E20: b | F20: o | G20: u | H20: n | I20: d | J20: i | K20: n | L20: g | M20: (space) | N20: b | O20: o | P20: x | Q20: e | R20: s | S20: . | AH20: =COUNTA(A20:AG20) -> 19 | AI20: {=VLOOKUP(TRUE, CHOOSE({1,2}, EXACT(A20, 'Letter Encoding'!$A:$A), 'Letter Encoding'!$C:$C), 2, FALSE)} -> 31 | AJ20: {=VLOOKUP(TRUE, CHOOSE({1,2}, EXACT(B20, 'Letter Encoding'!$A:$A), 'Letter Encoding'!$C:$C), 2, FALSE)} -> 40 | AK20: {=VLOOKUP(TRUE, CHOOSE({1,2}, EXACT(C20, 'Letter Encoding'!$A:$A), 'Letter Encoding'!$C:$C), 2, FALSE)} -> 43 | AL20: {=VLOOKUP(TRUE, CHOOSE({1,2}, EXACT(D20, 'Letter Encoding'!$A:$A), 'Letter Encoding'!$C:$C), 2, FALSE)} -> 52 | AM20: {=VLOOKUP(TRUE, CHOOSE({1,2}, EXACT(E20, 'Letter Encoding'!$A:$A), 'Letter Encoding'!$C:$C), 2, FALSE)} -> 27 | AN20: {=VLOOKUP(TRUE, CHOOSE({1,2}, EXACT(F20, 'Letter Encoding'!$A:$A), 'Letter Encoding'!$C:$C), 2, FALSE)} -> 40 | AO20: {=VLOOKUP(TRUE, CHOOSE({1,2}, EXACT(G20, 'Letter Encoding'!$A:$A), 'Letter Encoding'!$C:$C), 2, FALSE)} -> 46 | AP20: {=VLOOKUP(TRUE, CHOOSE({1,2}, EXACT(H20, 'Letter Encoding'!$A:$A), 'Letter Encoding'!$C:$C), 2, FALSE)} -> 39 | ... BA20: {=VLOOKUP(TRUE, CHOOSE({1,2}, EXACT(S20, 'Letter Encoding'!$A:$A), 'Letter Encoding'!$C:$C), 2, FALSE)} -> 54 | BP20: =COUNTA(AI20:BN20) -> 19 | BS20: 6 | BT20: =_xlfn.TEXTJOIN(", ",TRUE,AI20:BO20) -> 31, 40, 43, 52, 27, 40, 46, 39, 29, 34, 39, 32, 52, 27, 40, 49, 30, 44, 54
AH21: =COUNTA(A21:AG21) -> 0 | BT21: =_xlfn.TEXTJOIN(", ",TRUE,AI21:BO21)
A22: R | B22: e | C22: m | D22: o | E22: v | F22: e | G22: (space) | H22: t | I22: i | J22: n | K22: y | L22: (space) | M22: c | N22: o | O22: m | P22: p | Q22: o | R22: n | S22: e | T22: n | U22: t | V22: s | W22: (space) | X22: a | Y22: s | Z22: (space) | AA22: t | AB22: h | AC22: e | AD22: r | AE22: e | AH22: =COUNTA(A22:AG22) -> 31 | AI22: {=VLOOKUP(TRUE, CHOOSE({1,2}, EXACT(A22, 'Letter Encoding'!$A:$A), 'Letter Encoding'!$C:$C), 2, FALSE)} -> 17 | AJ22: {=VLOOKUP(TRUE, CHOOSE({1,2}, EXACT(B22, 'Letter Encoding'!$A:$A), 'Letter Encoding'!$C:$C), 2, FALSE)} -> 30 | AK22: {=VLOOKUP(TRUE, CHOOSE({1,2}, EXACT(C22, 'Letter Encoding'!$A:$A), 'Letter Encoding'!$C:$C), 2, FALSE)} -> 38 | AL22: {=VLOOKUP(TRUE, CHOOSE({1,2}, EXACT(D22, 'Letter Encoding'!$A:$A), 'Letter Encoding'!$C:$C), 2, FALSE)} -> 40 | AM22: {=VLOOKUP(TRUE, CHOOSE({1,2}, EXACT(E22, 'Letter Encoding'!$A:$A), 'Letter Encoding'!$C:$C), 2, FALSE)} -> 47 | AN22: {=VLOOKUP(TRUE, CHOOSE({1,2}, EXACT(F22, 'Letter Encoding'!$A:$A), 'Letter Encoding'!$C:$C), 2, FALSE)} -> 30 | AO22: {=VLOOKUP(TRUE, CHOOSE({1,2}, EXACT(G22, 'Letter Encoding'!$A:$A), 'Letter Encoding'!$C:$C), 2, FALSE)} -> 52 | AP22: {=VLOOKUP(TRUE, CHOOSE({1,2}, EXACT(H22, 'Letter Encoding'!$A:$A), 'Letter Encoding'!$C:$C), 2, FALSE)} -> 45 | ... BK22: {=VLOOKUP(TRUE, CHOOSE({1,2}, EXACT(AC22, 'Letter Encoding'!$A:$A), 'Letter Encoding'!$C:$C), 2, FALSE)} -> 30 | BL22: {=VLOOKUP(TRUE, CHOOSE({1,2}, EXACT(AD22,#REF!),#REF!), 2, FALSE)} -> #N/A | BM22: {=VLOOKUP(TRUE, CHOOSE({1,2}, EXACT(AE22,#REF!),#REF!), 2, FALSE)} -> #N/A | BP22: =COUNTA(AI22:BN22) -> 31 | BQ22: Filter | BR22: 1 | BS22: 1 | BT22: =_xlfn.TEXTJOIN(", ",TRUE,AI22:BO22) -> #N/A
A23: m | B23: a | C23: y | D23: (space) | E23: b | F23: e | G23: (space) | H23: n | I23: o | J23: i | K23: s | L23: e | M23: , | N23: (space) | O23: b | P23: y | Q23: (space) | R23: m | S23: i | T23: n | U23: (space) | V23: a | W23: r | X23: e | Y23: a | Z23: . | AH23: =COUNTA(A23:AG23) -> 26 | AI23: {=VLOOKUP(TRUE, CHOOSE({1,2}, EXACT(A23, 'Letter Encoding'!$A:$A), 'Letter Encoding'!$C:$C), 2, FALSE)} -> 38 | AJ23: {=VLOOKUP(TRUE, CHOOSE({1,2}, EXACT(B23, 'Letter Encoding'!$A:$A), 'Letter Encoding'!$C:$C), 2, FALSE)} -> 26 | AK23: {=VLOOKUP(TRUE, CHOOSE({1,2}, EXACT(C23, 'Letter Encoding'!$A:$A), 'Letter Encoding'!$C:$C), 2, FALSE)} -> 50 | AL23: {=VLOOKUP(TRUE, CHOOSE({1,2}, EXACT(D23, 'Letter Encoding'!$A:$A), 'Letter Encoding'!$C:$C), 2, FALSE)} -> 52 | AM23: {=VLOOKUP(TRUE, CHOOSE({1,2}, EXACT(E23, 'Letter Encoding'!$A:$A), 'Letter Encoding'!$C:$C), 2, FALSE)} -> 27 | AN23: {=VLOOKUP(TRUE, CHOOSE({1,2}, EXACT(F23, 'Letter Encoding'!$A:$A), 'Letter Encoding'!$C:$C), 2, FALSE)} -> 30 | AO23: {=VLOOKUP(TRUE, CHOOSE({1,2}, EXACT(G23, 'Letter Encoding'!$A:$A), 'Letter Encoding'!$C:$C), 2, FALSE)} -> 52 | AP23: {=VLOOKUP(TRUE, CHOOSE({1,2}, EXACT(H23, 'Letter Encoding'!$A:$A), 'Letter Encoding'!$C:$C), 2, FALSE)} -> 39 | ... BH23: {=VLOOKUP(TRUE, CHOOSE({1,2}, EXACT(Z23, 'Letter Encoding'!$A:$A), 'Letter Encoding'!$C:$C), 2, FALSE)} -> 54 | BP23: =COUNTA(AI23:BN23) -> 26 | BS23: 2 | BT23: =_xlfn.TEXTJOIN(", ",TRUE,AI23:BO23) -> 38, 26, 50, 52, 27, 30, 52, 39, 40, 34, 44, 30, 53, 52, 27, 50, 52, 38, 34, 39, 52, 26, 43, 30, 26, 54
A24: ( | B24: n | C24: o | D24: . | E24: (space) | F24: o | G24: f | H24: (space) | I24: p | J24: i | K24: x | L24: e | M24: l | N24: s | O24: (space) | P24: i | Q24: n | R24: (space) | S24: a | T24: (space) | U24: c | V24: o | W24: m | X24: p | Y24: o | Z24: n | AA24: e | AB24: n | AC24: t | AD24: ) | AH24: =COUNTA(A24:AG24) -> 30 | AI24: {=VLOOKUP(TRUE, CHOOSE({1,2}, EXACT(A24, 'Letter Encoding'!$A:$A), 'Letter Encoding'!$C:$C), 2, FALSE)} -> 55 | AJ24: {=VLOOKUP(TRUE, CHOOSE({1,2}, EXACT(B24, 'Letter Encoding'!$A:$A), 'Letter Encoding'!$C:$C), 2, FALSE)} -> 39 | AK24: {=VLOOKUP(TRUE, CHOOSE({1,2}, EXACT(C24, 'Letter Encoding'!$A:$A), 'Letter Encoding'!$C:$C), 2, FALSE)} -> 40 | AL24: {=VLOOKUP(TRUE, CHOOSE({1,2}, EXACT(D24, 'Letter Encoding'!$A:$A), 'Letter Encoding'!$C:$C), 2, FALSE)} -> 54 | AM24: {=VLOOKUP(TRUE, CHOOSE({1,2}, EXACT(E24, 'Letter Encoding'!$A:$A), 'Letter Encoding'!$C:$C), 2, FALSE)} -> 52 | AN24: {=VLOOKUP(TRUE, CHOOSE({1,2}, EXACT(F24, 'Letter Encoding'!$A:$A), 'Letter Encoding'!$C:$C), 2, FALSE)} -> 40 | AO24: {=VLOOKUP(TRUE, CHOOSE({1,2}, EXACT(G24, 'Letter Encoding'!$A:$A), 'Letter Encoding'!$C:$C), 2, FALSE)} -> 31 | AP24: {=VLOOKUP(TRUE, CHOOSE({1,2}, EXACT(H24, 'Letter Encoding'!$A:$A), 'Letter Encoding'!$C:$C), 2, FALSE)} -> 52 | ... BL24: {=VLOOKUP(TRUE, CHOOSE({1,2}, EXACT(AD24, 'Letter Encoding'!$A:$A), 'Letter Encoding'!$C:$C), 2, FALSE)} -> 56 | BP24: =COUNTA(AI24:BN24) -> 30 | BS24: 3 | BT24: =_xlfn.TEXTJOIN(", ",TRUE,AI24:BO24) -> 55, 39, 40, 54, 52, 40, 31, 52, 41, 34, 49, 30, 37, 44, 52, 34, 39, 52, 26, 52, 28, 40, 38, 41, 40, 39, 30, 39, 45, 56
A25: e | B25: . | C25: g | D25: . | E25: , | F25: (space) | G25: 4 | H25: (space) | I25: m | J25: e | K25: a | L25: n | M25: s | N25: (space) | O25: c | P25: o | Q25: m | R25: p | S25: o | T25: n | U25: e | V25: n | W25: t | X25: s | Y25: (space) | Z25: w | AA25: i | AB25: t | AC25: h | AH25: =COUNTA(A25:AG25) -> 29 | AI25: {=VLOOKUP(TRUE, CHOOSE({1,2}, EXACT(A25, 'Letter Encoding'!$A:$A), 'Letter Encoding'!$C:$C), 2, FALSE)} -> 30 | AJ25: {=VLOOKUP(TRUE, CHOOSE({1,2}, EXACT(B25, 'Letter Encoding'!$A:$A), 'Letter Encoding'!$C:$C), 2, FALSE)} -> 54 | AK25: {=VLOOKUP(TRUE, CHOOSE({1,2}, EXACT(C25, 'Letter Encoding'!$A:$A), 'Letter Encoding'!$C:$C), 2, FALSE)} -> 32 | AL25: {=VLOOKUP(TRUE, CHOOSE({1,2}, EXACT(D25, 'Letter Encoding'!$A:$A), 'Letter Encoding'!$C:$C), 2, FALSE)} -> 54 | AM25: {=VLOOKUP(TRUE, CHOOSE({1,2}, EXACT(E25, 'Letter Encoding'!$A:$A), 'Letter Encoding'!$C:$C), 2, FALSE)} -> 53 | AN25: {=VLOOKUP(TRUE, CHOOSE({1,2}, EXACT(F25, 'Letter Encoding'!$A:$A), 'Letter Encoding'!$C:$C), 2, FALSE)} -> 52 | AO25: {=VLOOKUP(TRUE, CHOOSE({1,2}, EXACT(G25, 'Letter Encoding'!$A:$A), 'Letter Encoding'!$C:$C), 2, FALSE)} -> 60 | AP25: {=VLOOKUP(TRUE, CHOOSE({1,2}, EXACT(H25, 'Letter Encoding'!$A:$A), 'Letter Encoding'!$C:$C), 2, FALSE)} -> 52 | ... BK25: {=VLOOKUP(TRUE, CHOOSE({1,2}, EXACT(AC25, 'Letter Encoding'!$A:$A), 'Letter Encoding'!$C:$C), 2, FALSE)} -> 33 | BP25: =COUNTA(AI25:BN25) -> 29 | BR25: 2 | BS25: 4 | BT25: =_xlfn.TEXTJOIN(", ",TRUE,AI25:BO25) -> 30, 54, 32, 54, 53, 52, 60, 52, 38, 30, 26, 39, 44, 52, 28, 40, 38, 41, 40, 39, 30, 39, 45, 44, 52, 48, 34, 45, 33
A26: l | B26: e | C26: s | D26: s | E26: (space) | F26: t | G26: h | H26: a | I26: n | J26: (space) | K26: 4 | L26: (space) | M26: p | N26: i | O26: x | P26: e | Q26: l | R26: s | S26: (space) | T26: a | U26: r | V26: e | AH26: =COUNTA(A26:AG26) -> 22 | AI26: {=VLOOKUP(TRUE, CHOOSE({1,2}, EXACT(A26, 'Letter Encoding'!$A:$A), 'Letter Encoding'!$C:$C), 2, FALSE)} -> 37 | AJ26: {=VLOOKUP(TRUE, CHOOSE({1,2}, EXACT(B26, 'Letter Encoding'!$A:$A), 'Letter Encoding'!$C:$C), 2, FALSE)} -> 30 | AK26: {=VLOOKUP(TRUE, CHOOSE({1,2}, EXACT(C26, 'Letter Encoding'!$A:$A), 'Letter Encoding'!$C:$C), 2, FALSE)} -> 44 | AL26: {=VLOOKUP(TRUE, CHOOSE({1,2}, EXACT(D26, 'Letter Encoding'!$A:$A), 'Letter Encoding'!$C:$C), 2, FALSE)} -> 44 | AM26: {=VLOOKUP(TRUE, CHOOSE({1,2}, EXACT(E26, 'Letter Encoding'!$A:$A), 'Letter Encoding'!$C:$C), 2, FALSE)} -> 52 | AN26: {=VLOOKUP(TRUE, CHOOSE({1,2}, EXACT(F26, 'Letter Encoding'!$A:$A), 'Letter Encoding'!$C:$C), 2, FALSE)} -> 45 | AO26: {=VLOOKUP(TRUE, CHOOSE({1,2}, EXACT(G26, 'Letter Encoding'!$A:$A), 'Letter Encoding'!$C:$C), 2, FALSE)} -> 33 | AP26: {=VLOOKUP(TRUE, CHOOSE({1,2}, EXACT(H26, 'Letter Encoding'!$A:$A), 'Letter Encoding'!$C:$C), 2, FALSE)} -> 26 | ... BD26: {=VLOOKUP(TRUE, CHOOSE({1,2}, EXACT(V26, 'Letter Encoding'!$A:$A), 'Letter Encoding'!$C:$C), 2, FALSE)} -> 30 | BP26: =COUNTA(AI26:BN26) -> 22 | BS26: 5 | BT26: =_xlfn.TEXTJOIN(", ",TRUE,AI26:BO26) -> 37, 30, 44, 44, 52, 45, 33, 26, 39, 52, 60, 52, 41, 34, 49, 30, 37, 44, 52, 26, 43, 30
A27: i | B27: n | C27: v | D27: a | E27: l | F27: i | G27: d | H27: . | AH27: =COUNTA(A27:AG27) -> 8 | AI27: {=VLOOKUP(TRUE, CHOOSE({1,2}, EXACT(A27, 'Letter Encoding'!$A:$A), 'Letter Encoding'!$C:$C), 2, FALSE)} -> 34 | AJ27: {=VLOOKUP(TRUE, CHOOSE({1,2}, EXACT(B27, 'Letter Encoding'!$A:$A), 'Letter Encoding'!$C:$C), 2, FALSE)} -> 39 | AK27: {=VLOOKUP(TRUE, CHOOSE({1,2}, EXACT(C27, 'Letter Encoding'!$A:$A), 'Letter Encoding'!$C:$C), 2, FALSE)} -> 47 | AL27: {=VLOOKUP(TRUE, CHOOSE({1,2}, EXACT(D27, 'Letter Encoding'!$A:$A), 'Letter Encoding'!$C:$C), 2, FALSE)} -> 26 | AM27: {=VLOOKUP(TRUE, CHOOSE({1,2}, EXACT(E27, 'Letter Encoding'!$A:$A), 'Letter Encoding'!$C:$C), 2, FALSE)} -> 37 | AN27: {=VLOOKUP(TRUE, CHOOSE({1,2}, EXACT(F27, 'Letter Encoding'!$A:$A), 'Letter Encoding'!$C:$C), 2, FALSE)} -> 34 | AO27: {=VLOOKUP(TRUE, CHOOSE({1,2}, EXACT(G27, 'Letter Encoding'!$A:$A), 'Letter Encoding'!$C:$C), 2, FALSE)} -> 29 | AP27: {=VLOOKUP(TRUE, CHOOSE({1,2}, EXACT(H27, 'Letter Encoding'!$A:$A), 'Letter Encoding'!$C:$C), 2, FALSE)} -> 54 | BP27: =COUNTA(AI27:BN27) -> 8 | BS27: 6 | BT27: =_xlfn.TEXTJOIN(", ",TRUE,AI27:BO27) -> 34, 39, 47, 26, 37, 34, 29, 54
AH28: =COUNTA(A28:AG28) -> 0 | BT28: =_xlfn.TEXTJOIN(", ",TRUE,AI28:BO28)
A29: P | B29: i | C29: c | D29: k | E29: (space) | F29: u | G29: p | H29: (space) | I29: t | J29: o | K29: (space) | AH29: =COUNTA(A29:AG29) -> 11 | AI29: {=VLOOKUP(TRUE, CHOOSE({1,2}, EXACT(A29, 'Letter Encoding'!$A:$A), 'Letter Encoding'!$C:$C), 2, FALSE)} -> 15 | AJ29: {=VLOOKUP(TRUE, CHOOSE({1,2}, EXACT(B29, 'Letter Encoding'!$A:$A), 'Letter Encoding'!$C:$C), 2, FALSE)} -> 34 | AK29: {=VLOOKUP(TRUE, CHOOSE({1,2}, EXACT(C29, 'Letter Encoding'!$A:$A), 'Letter Encoding'!$C:$C), 2, FALSE)} -> 28 | AL29: {=VLOOKUP(TRUE, CHOOSE({1,2}, EXACT(D29, 'Letter Encoding'!$A:$A), 'Letter Encoding'!$C:$C), 2, FALSE)} -> 36 | AM29: {=VLOOKUP(TRUE, CHOOSE({1,2}, EXACT(E29, 'Letter Encoding'!$A:$A), 'Letter Encoding'!$C:$C), 2, FALSE)} -> 52 | AN29: {=VLOOKUP(TRUE, CHOOSE({1,2}, EXACT(F29, 'Letter Encoding'!$A:$A), 'Letter Encoding'!$C:$C), 2, FALSE)} -> 46 | AO29: {=VLOOKUP(TRUE, CHOOSE({1,2}, EXACT(G29, 'Letter Encoding'!$A:$A), 'Letter Encoding'!$C:$C), 2, FALSE)} -> 41 | AP29: {=VLOOKUP(TRUE, CHOOSE({1,2}, EXACT(H29, 'Letter Encoding'!$A:$A), 'Letter Encoding'!$C:$C), 2, FALSE)} -> 52 | ... AS29: {=VLOOKUP(TRUE, CHOOSE({1,2}, EXACT(K29, 'Letter Encoding'!$A:$A), 'Letter Encoding'!$C:$C), 2, FALSE)} -> 52 | BP29: =COUNTA(AI29:BN29) -> 11 | BQ29: BB | BR29: 1 | BS29: 1 | BT29: =_xlfn.TEXTJOIN(", ",TRUE,AI29:BO29) -> 15, 34, 28, 36, 52, 46, 41, 52, 45, 40, 52
A30: 1 | B30: (space) | C30: o | D30: r | E30: (space) | F30: 2 | G30: (space) | H30: o | I30: r | J30: (space) | K30: 3 | L30: (space) | M30: o | N30: r | O30: (space) | P30: 4 | AH30: =COUNTA(A30:AG30) -> 16 | AI30: {=VLOOKUP(TRUE, CHOOSE({1,2}, EXACT(A30, 'Letter Encoding'!$A:$A), 'Letter Encoding'!$C:$C), 2, FALSE)} -> 57 | AJ30: {=VLOOKUP(TRUE, CHOOSE({1,2}, EXACT(B30, 'Letter Encoding'!$A:$A), 'Letter Encoding'!$C:$C), 2, FALSE)} -> 52 | AK30: {=VLOOKUP(TRUE, CHOOSE({1,2}, EXACT(C30, 'Letter Encoding'!$A:$A), 'Letter Encoding'!$C:$C), 2, FALSE)} -> 40 | AL30: {=VLOOKUP(TRUE, CHOOSE({1,2}, EXACT(D30, 'Letter Encoding'!$A:$A), 'Letter Encoding'!$C:$C), 2, FALSE)} -> 43 | AM30: {=VLOOKUP(TRUE, CHOOSE({1,2}, EXACT(E30, 'Letter Encoding'!$A:$A), 'Letter Encoding'!$C:$C), 2, FALSE)} -> 52 | AN30: {=VLOOKUP(TRUE, CHOOSE({1,2}, EXACT(F30, 'Letter Encoding'!$A:$A), 'Letter Encoding'!$C:$C), 2, FALSE)} -> 58 | AO30: {=VLOOKUP(TRUE, CHOOSE({1,2}, EXACT(G30, 'Letter Encoding'!$A:$A), 'Letter Encoding'!$C:$C), 2, FALSE)} -> 52 | AP30: {=VLOOKUP(TRUE, CHOOSE({1,2}, EXACT(H30, 'Letter Encoding'!$A:$A), 'Letter Encoding'!$C:$C), 2, FALSE)} -> 40 | ... AX30: {=VLOOKUP(TRUE, CHOOSE({1,2}, EXACT(P30, 'Letter Encoding'!$A:$A), 'Letter Encoding'!$C:$C), 2, FALSE)} -> 60 | BP30: =COUNTA(AI30:BN30) -> 16 | BS30: 2 | BT30: =_xlfn.TEXTJOIN(", ",TRUE,AI30:BO30) -> 57, 52, 40, 43, 52, 58, 52, 40, 43, 52, 59, 52, 40, 43, 52, 60
A31: v | B31: a | C31: l | D31: i | E31: d | F31: (space) | G31: c | H31: o | I31: m | J31: p | K31: o | L31: n | M31: e | N31: n | O31: t | P31: s | Q31: . | AH31: =COUNTA(A31:AG31) -> 17 | AI31: {=VLOOKUP(TRUE, CHOOSE({1,2}, EXACT(A31, 'Letter Encoding'!$A:$A), 'Letter Encoding'!$C:$C), 2, FALSE)} -> 47 | AJ31: {=VLOOKUP(TRUE, CHOOSE({1,2}, EXACT(B31, 'Letter Encoding'!$A:$A), 'Letter Encoding'!$C:$C), 2, FALSE)} -> 26 | AK31: {=VLOOKUP(TRUE, CHOOSE({1,2}, EXACT(C31, 'Letter Encoding'!$A:$A), 'Letter Encoding'!$C:$C), 2, FALSE)} -> 37 | AL31: {=VLOOKUP(TRUE, CHOOSE({1,2}, EXACT(D31, 'Letter Encoding'!$A:$A), 'Letter Encoding'!$C:$C), 2, FALSE)} -> 34 | AM31: {=VLOOKUP(TRUE, CHOOSE({1,2}, EXACT(E31, 'Letter Encoding'!$A:$A), 'Letter Encoding'!$C:$C), 2, FALSE)} -> 29 | AN31: {=VLOOKUP(TRUE, CHOOSE({1,2}, EXACT(F31, 'Letter Encoding'!$A:$A), 'Letter Encoding'!$C:$C), 2, FALSE)} -> 52 | AO31: {=VLOOKUP(TRUE, CHOOSE({1,2}, EXACT(G31, 'Letter Encoding'!$A:$A), 'Letter Encoding'!$C:$C), 2, FALSE)} -> 28 | AP31: {=VLOOKUP(TRUE, CHOOSE({1,2}, EXACT(H31, 'Letter Encoding'!$A:$A), 'Letter Encoding'!$C:$C), 2, FALSE)} -> 40 | ... AY31: {=VLOOKUP(TRUE, CHOOSE({1,2}, EXACT(Q31, 'Letter Encoding'!$A:$A), 'Letter Encoding'!$C:$C), 2, FALSE)} -> 54 | BP31: =COUNTA(AI31:BN31) -> 17 | BS31: 3 | BT31: =_xlfn.TEXTJOIN(", ",TRUE,AI31:BO31) -> 47, 26, 37, 34, 29, 52, 28, 40, 38, 41, 40, 39, 30, 39, 45, 44, 54
A32: U | B32: s | C32: i | D32: n | E32: g | F32: (space) | G32: m | H32: i | I32: n | J32: , | K32: (space) | L32: m | M32: a | N32: x | O32: , | P32: (space) | Q32: c | R32: e | S32: n | T32: t | U32: r | V32: e | AH32: =COUNTA(A32:AG32) -> 22 | AI32: {=VLOOKUP(TRUE, CHOOSE({1,2}, EXACT(A32, 'Letter Encoding'!$A:$A), 'Letter Encoding'!$C:$C), 2, FALSE)} -> 20 | AJ32: {=VLOOKUP(TRUE, CHOOSE({1,2}, EXACT(B32, 'Letter Encoding'!$A:$A), 'Letter Encoding'!$C:$C), 2, FALSE)} -> 44 | AK32: {=VLOOKUP(TRUE, CHOOSE({1,2}, EXACT(C32, 'Letter Encoding'!$A:$A), 'Letter Encoding'!$C:$C), 2, FALSE)} -> 34 | AL32: {=VLOOKUP(TRUE, CHOOSE({1,2}, EXACT(D32, 'Letter Encoding'!$A:$A), 'Letter Encoding'!$C:$C), 2, FALSE)} -> 39 | AM32: {=VLOOKUP(TRUE, CHOOSE({1,2}, EXACT(E32, 'Letter Encoding'!$A:$A), 'Letter Encoding'!$C:$C), 2, FALSE)} -> 32 | AN32: {=VLOOKUP(TRUE, CHOOSE({1,2}, EXACT(F32, 'Letter Encoding'!$A:$A), 'Letter Encoding'!$C:$C), 2, FALSE)} -> 52 | AO32: {=VLOOKUP(TRUE, CHOOSE({1,2}, EXACT(G32, 'Letter Encoding'!$A:$A), 'Letter Encoding'!$C:$C), 2, FALSE)} -> 38 | AP32: {=VLOOKUP(TRUE, CHOOSE({1,2}, EXACT(H32, 'Letter Encoding'!$A:$A), 'Letter Encoding'!$C:$C), 2, FALSE)} -> 34 | ... BD32: {=VLOOKUP(TRUE, CHOOSE({1,2}, EXACT(V32, 'Letter Encoding'!$A:$A), 'Letter Encoding'!$C:$C), 2, FALSE)} -> 30 | BP32: =COUNTA(AI32:BN32) -> 22 | BR32: 2 | BS32: 4 | BT32: =_xlfn.TEXTJOIN(", ",TRUE,AI32:BO32) -> 20, 44, 34, 39, 32, 52, 38, 34, 39, 53, 52, 38, 26, 49, 53, 52, 28, 30, 39, 45, 43, 30
A33: o | B33: f | C33: (space) | D33: x | E33: , | F33: (space) | G33: y | H33: , | I33: (space) | J33: d | K33: r | L33: a | M33: w | N33: (space) | O33: t | P33: h | Q33: e | R33: i | S33: r | AH33: =COUNTA(A33:AG33) -> 19 | AI33: {=VLOOKUP(TRUE, CHOOSE({1,2}, EXACT(A33, 'Letter Encoding'!$A:$A), 'Letter Encoding'!$C:$C), 2, FALSE)} -> 40 | AJ33: {=VLOOKUP(TRUE, CHOOSE({1,2}, EXACT(B33, 'Letter Encoding'!$A:$A), 'Letter Encoding'!$C:$C), 2, FALSE)} -> 31 | AK33: {=VLOOKUP(TRUE, CHOOSE({1,2}, EXACT(C33, 'Letter Encoding'!$A:$A), 'Letter Encoding'!$C:$C), 2, FALSE)} -> 52 | AL33: {=VLOOKUP(TRUE, CHOOSE({1,2}, EXACT(D33, 'Letter Encoding'!$A:$A), 'Letter Encoding'!$C:$C), 2, FALSE)} -> 49 | AM33: {=VLOOKUP(TRUE, CHOOSE({1,2}, EXACT(E33, 'Letter Encoding'!$A:$A), 'Letter Encoding'!$C:$C), 2, FALSE)} -> 53 | AN33: {=VLOOKUP(TRUE, CHOOSE({1,2}, EXACT(F33, 'Letter Encoding'!$A:$A), 'Letter Encoding'!$C:$C), 2, FALSE)} -> 52 | AO33: {=VLOOKUP(TRUE, CHOOSE({1,2}, EXACT(G33, 'Letter Encoding'!$A:$A), 'Letter Encoding'!$C:$C), 2, FALSE)} -> 50 | AP33: {=VLOOKUP(TRUE, CHOOSE({1,2}, EXACT(H33, 'Letter Encoding'!$A:$A), 'Letter Encoding'!$C:$C), 2, FALSE)} -> 53 | ... BA33: {=VLOOKUP(TRUE, CHOOSE({1,2}, EXACT(S33, 'Letter Encoding'!$A:$A), 'Letter Encoding'!$C:$C), 2, FALSE)} -> 43 | BP33: =COUNTA(AI33:BN33) -> 19 | BS33: 5 | BT33: =_xlfn.TEXTJOIN(", ",TRUE,AI33:BO33) -> 40, 31, 52, 49, 53, 52, 50, 53, 52, 29, 43, 26, 48, 52, 45, 33, 30, 34, 43
A34: r | B34: e | C34: s | D34: p | E34: e | F34: c | G34: t | H34: i | I34: v | J34: e | K34: (space) | L34: b | M34: o | N34: x | O34: e | P34: s | Q34: . | AH34: =COUNTA(A34:AG34) -> 17 | AI34: {=VLOOKUP(TRUE, CHOOSE({1,2}, EXACT(A34, 'Letter Encoding'!$A:$A), 'Letter Encoding'!$C:$C), 2, FALSE)} -> 43 | AJ34: {=VLOOKUP(TRUE, CHOOSE({1,2}, EXACT(B34, 'Letter Encoding'!$A:$A), 'Letter Encoding'!$C:$C), 2, FALSE)} -> 30 | AK34: {=VLOOKUP(TRUE, CHOOSE({1,2}, EXACT(C34, 'Letter Encoding'!$A:$A), 'Letter Encoding'!$C:$C), 2, FALSE)} -> 44 | AL34: {=VLOOKUP(TRUE, CHOOSE({1,2}, EXACT(D34, 'Letter Encoding'!$A:$A), 'Letter Encoding'!$C:$C), 2, FALSE)} -> 41 | AM34: {=VLOOKUP(TRUE, CHOOSE({1,2}, EXACT(E34, 'Letter Encoding'!$A:$A), 'Letter Encoding'!$C:$C), 2, FALSE)} -> 30 | AN34: {=VLOOKUP(TRUE, CHOOSE({1,2}, EXACT(F34, 'Letter Encoding'!$A:$A), 'Letter Encoding'!$C:$C), 2, FALSE)} -> 28 | AO34: {=VLOOKUP(TRUE, CHOOSE({1,2}, EXACT(G34, 'Letter Encoding'!$A:$A), 'Letter Encoding'!$C:$C), 2, FALSE)} -> 45 | AP34: {=VLOOKUP(TRUE, CHOOSE({1,2}, EXACT(H34, 'Letter Encoding'!$A:$A), 'Letter Encoding'!$C:$C), 2, FALSE)} -> 34 | ... AY34: {=VLOOKUP(TRUE, CHOOSE({1,2}, EXACT(Q34, 'Letter Encoding'!$A:$A), 'Letter Encoding'!$C:$C), 2, FALSE)} -> 54 | BP34: =COUNTA(AI34:BN34) -> 17 | BS34: 6 | BT34: =_xlfn.TEXTJOIN(", ",TRUE,AI34:BO34) -> 43, 30, 44, 41, 30, 28, 45, 34, 47, 30, 52, 27, 40, 49, 30, 44, 54
